<?xml version="1.0" encoding="UTF-8"?>
<project-private xmlns="http://www.netbeans.org/ns/project-private/1">
    <editor-bookmarks xmlns="http://www.netbeans.org/ns/editor-bookmarks/2" lastBookmarkId="0"/>
    <open-files xmlns="http://www.netbeans.org/ns/projectui-open-files/2">
        <group>
            <file>file:/C:/Users/55319/OneDrive%20-%20Instituto%20Federal%20de%20Minas%20Gerais/Documentos/NetBeansProjects/revisaobdmayrabarbosa/src/telas/clientetela.java</file>
            <file>file:/C:/Users/55319/OneDrive%20-%20Instituto%20Federal%20de%20Minas%20Gerais/Documentos/NetBeansProjects/revisaobdmayrabarbosa/src/telas/estoquetela.java</file>
            <file>file:/C:/Users/55319/OneDrive%20-%20Instituto%20Federal%20de%20Minas%20Gerais/Documentos/NetBeansProjects/revisaobdmayrabarbosa/src/codigofonte/estoque.java</file>
        </group>
    </open-files>
</project-private>
